order_id,product,quantity,created_at,updated_at
546809878,NewBalance Shoes,6,2009-12-10 08:28:04,2015-07-23 18:31:33
745104218,NewBalance Shoes,4,2009-12-22 21:40:02,2015-07-23 18:38:25
246752514,Nike Shoes,7,2009-12-22 21:40:02,2015-07-23 18:38:25
446284695,Reebox Shorts,3,2010-01-05 22:07:00,2015-07-23 14:00:46
445464967,Northface Jacket,5,2010-01-05 22:07:01,2015-07-23 18:55:52
545410885,NewBalance Shoes,1,2010-01-11 07:17:10,2015-07-23 17:10:41
345204341,Northface Jacket,9,2010-01-12 04:03:15,2015-07-23 18:44:58
346628625,Reebox Shorts,7,2010-01-15 07:16:41,2011-05-31 21:18:08
945453285,Nike T-shirts,10,2010-01-15 08:45:49,2015-07-23 11:58:42
446535378,Tommy Jersey,2,2010-01-15 08:56:51,2011-05-31 21:18:08
945161671,Nike T-shirts,8,2010-01-16 01:42:28,2011-05-28 10:19:06
445490300,Northface Jacket,8,2010-01-17 00:48:19,2015-07-23 10:43:59
646711637,Nike Shoes,6,2010-01-18 19:52:33,2011-05-31 21:18:08
643093923,Tommy Jersey,10,2010-01-21 17:24:23,2011-05-31 21:18:08
845474053,NewBalance Shoes,9,2010-01-22 01:10:56,2015-07-23 17:35:58
246775584,Nike Shoes,4,2010-01-22 01:15:03,2010-02-11 23:17:58
945060571,Reebox Shorts,10,2010-01-22 03:28:10,2010-02-11 23:17:58
344501705,Tommy Jersey,2,2010-01-22 03:36:03,2015-07-23 12:19:02
446228260,Tommy Jersey,2,2010-01-22 07:23:13,2010-01-22 07:25:52
846002890,Nike T-shirts,2,2010-01-22 09:28:55,2015-07-23 09:34:35
446469764,Northface Jacket,9,2010-01-22 09:40:28,2010-01-22 10:07:33
646138264,Reebox Shorts,8,2010-01-22 22:11:49,2015-07-23 11:10:37
346128072,Nike T-shirts,8,2010-01-22 23:46:22,2015-07-23 08:04:21
746708133,Tommy Jersey,7,2010-01-24 04:41:20,2010-01-24 04:50:46
846824296,Nike Shoes,6,2010-01-24 19:29:38,2010-01-24 20:19:02
545908370,Northface Jacket,9,2010-01-24 20:12:05,2015-07-23 17:30:20
243311018,Nike T-shirts,7,2010-01-24 23:00:42,2010-01-29 01:21:19
846803546,Reebox Shorts,6,2010-01-25 06:09:42,2015-07-23 17:16:34
945422061,Nike T-shirts,4,2010-01-25 06:17:35,2010-01-29 01:49:24
945425367,Nike T-shirts,7,2010-01-25 18:08:22,2010-01-29 01:55:01
425477399,NewBalance Shoes,3,2010-01-25 22:14:58,2015-07-23 12:42:40
546611505,Nike Shoes,5,2010-01-25 22:57:43,2010-01-29 02:03:04
946826173,Nike Shoes,1,2010-01-26 02:19:47,2010-01-29 02:14:23
546823612,Nike T-shirts,9,2010-01-26 02:19:48,2010-01-29 02:14:23
946749330,Tommy Jersey,7,2010-01-26 02:19:48,2010-01-29 02:14:23
845537503,Northface Jacket,10,2010-01-26 08:07:22,2015-07-23 12:14:09
446808010,Reebox Shorts,2,2010-01-26 19:33:18,2010-01-29 03:55:52
845794964,Northface Jacket,8,2010-01-26 19:33:19,2010-01-29 03:55:53
845183498,Reebox Shorts,8,2010-01-26 19:54:49,2010-01-29 04:07:53
446848502,Northface Jacket,6,2010-01-26 19:54:49,2010-01-29 04:07:53
345233962,Reebox Shorts,10,2010-01-26 22:05:00,2010-01-29 04:17:24
246785300,NewBalance Shoes,9,2010-01-26 22:05:00,2010-01-29 04:17:24
246786988,Nike T-shirts,4,2010-01-27 02:47:19,2015-07-23 14:31:20
945476160,Nike T-shirts,10,2010-01-27 03:38:53,2015-07-23 15:38:37
346616488,Tommy Jersey,2,2010-01-27 03:38:53,2015-07-23 15:38:38
745559682,NewBalance Shoes,2,2010-01-27 03:38:54,2015-07-23 15:38:38
846834681,Reebox Shorts,2,2010-01-27 03:38:55,2015-07-23 15:38:38
446141196,Reebox Shorts,9,2010-01-27 05:53:01,2010-01-29 04:58:41
746652202,Nike Shoes,8,2010-01-27 05:53:02,2010-01-29 04:58:41
646613600,Tommy Jersey,8,2010-01-27 05:53:03,2010-01-29 04:58:41
946826505,Nike T-shirts,7,2010-01-27 12:18:54,2010-01-29 05:12:07
846742449,Northface Jacket,6,2010-01-27 12:31:32,2010-01-29 05:16:22
944723839,Reebox Shorts,9,2010-01-27 13:38:30,2010-01-29 05:20:46
446759211,Reebox Shorts,7,2010-01-27 14:32:37,2015-07-23 18:08:11
746803472,Northface Jacket,4,2010-01-27 14:32:39,2015-07-23 18:08:11
345435017,Nike T-shirts,5,2010-01-27 14:32:39,2015-07-23 18:08:11
645470902,Nike Shoes,7,2010-01-27 15:42:35,2010-01-29 05:33:30
545941420,NewBalance Shoes,5,2010-01-27 15:42:37,2010-01-29 05:47:23
646769314,Reebox Shorts,8,2010-01-27 15:45:48,2010-01-29 05:52:36
845365308,Reebox Shorts,5,2010-01-27 15:48:10,2010-01-29 05:57:43
245467282,NewBalance Shoes,6,2010-01-27 16:00:18,2010-01-29 06:03:53
346821320,Reebox Shorts,10,2010-01-27 16:03:40,2010-01-29 06:09:08
846771062,NewBalance Shoes,5,2010-01-27 16:07:34,2010-01-29 06:15:09
746911418,NewBalance Shoes,4,2010-01-27 16:09:51,2010-01-29 06:21:57
941310209,NewBalance Shoes,3,2010-01-27 16:25:58,2010-01-29 15:29:04
245488254,Nike Shoes,1,2010-01-27 16:40:41,2010-01-29 15:32:59
645490863,Reebox Shorts,8,2010-01-27 16:47:20,2015-07-23 10:37:33
645467248,Northface Jacket,5,2010-01-27 16:47:22,2015-07-23 10:37:33
644843969,Nike Shoes,3,2010-01-27 16:58:54,2010-01-29 15:43:07
234049115,NewBalance Shoes,0,2010-01-27 17:09:38,2010-01-29 15:45:37
745455645,Nike Shoes,0,2010-01-27 17:10:42,2010-01-29 15:48:09
245686079,Northface Jacket,2,2010-01-27 17:50:07,2010-01-29 15:51:53
546735263,Nike T-shirts,6,2010-01-27 17:50:30,2010-01-29 15:56:17
944945859,Nike T-shirts,1,2010-01-27 17:50:33,2010-01-29 15:56:17
546851770,Nike T-shirts,3,2010-01-27 17:50:33,2010-01-29 15:56:18
543047702,Nike T-shirts,10,2010-01-27 18:18:05,2010-01-29 16:00:19
846812564,Tommy Jersey,1,2010-01-27 18:33:02,2010-01-29 16:02:55
346783650,Northface Jacket,8,2010-01-27 18:43:17,2015-07-23 14:55:16
445250584,Tommy Jersey,6,2010-01-27 18:45:58,2010-01-29 16:09:50
745243322,Nike T-shirts,1,2010-01-27 18:46:01,2010-01-29 16:09:50
545488917,Nike Shoes,2,2010-01-27 19:02:50,2010-01-29 16:12:58
945918112,Nike Shoes,6,2010-01-27 19:29:09,2010-01-29 16:34:11
439638446,NewBalance Shoes,3,2010-01-27 19:37:35,2010-01-29 16:42:13
944985404,Nike T-shirts,6,2010-01-27 20:07:46,2010-01-29 16:46:13
245421249,Reebox Shorts,5,2010-01-27 20:07:47,2010-01-29 16:46:13
744623513,Nike T-shirts,3,2010-01-27 20:12:29,2010-01-29 16:49:27
346430234,Tommy Jersey,1,2010-01-27 20:49:32,2010-01-29 16:58:25
643658301,Reebox Shorts,3,2010-01-27 20:55:57,2010-01-29 17:01:09
646686581,Nike Shoes,8,2010-01-27 21:48:48,2010-01-29 17:03:40
846811159,Reebox Shorts,1,2010-01-27 21:55:09,2010-01-29 17:06:55
546057582,Reebox Shorts,10,2010-01-27 21:55:10,2010-01-29 17:06:55
745378111,Nike T-shirts,10,2010-01-27 22:20:29,2010-01-29 17:09:29
743142192,Nike T-shirts,0,2010-01-27 22:27:49,2010-01-29 17:13:26
845414213,Reebox Shorts,2,2010-01-27 23:16:56,2010-01-29 17:21:59
345337011,Nike Shoes,3,2010-01-27 23:16:58,2010-01-29 17:21:59
545229932,Nike Shoes,9,2010-01-27 23:16:58,2010-01-29 17:21:59
645792325,Nike T-shirts,0,2010-01-27 23:16:59,2010-01-29 17:21:59
944514847,Northface Jacket,5,2010-01-28 00:07:27,2010-01-29 17:25:19
846847236,Nike Shoes,1,2010-01-28 00:07:28,2010-01-29 17:25:19
538469468,Northface Jacket,8,2010-01-28 01:45:55,2010-01-29 17:28:32
745375437,Nike T-shirts,5,2010-01-28 01:56:01,2010-01-29 17:46:31
245452771,Tommy Jersey,3,2010-01-28 02:04:45,2010-01-29 18:08:21
445383054,Northface Jacket,0,2010-01-28 02:33:30,2010-01-29 18:14:34
546745152,Northface Jacket,0,2010-01-28 02:33:32,2010-01-29 18:14:34
241715249,Reebox Shorts,2,2010-01-28 02:44:09,2015-07-23 17:24:38
245864266,Nike T-shirts,6,2010-01-28 03:38:30,2010-01-29 18:59:11
845840498,Nike T-shirts,1,2010-01-28 04:41:50,2010-01-29 19:02:34
345487286,Reebox Shorts,3,2010-01-28 06:06:55,2010-01-29 19:05:26
445480269,Northface Jacket,10,2010-01-28 06:21:31,2010-01-29 19:11:24
345272281,Nike T-shirts,1,2010-01-28 06:52:10,2010-01-29 19:23:12
945925835,Nike Shoes,8,2010-01-28 06:52:11,2010-01-29 19:23:12
646265543,Northface Jacket,6,2010-01-28 06:52:12,2010-01-29 19:23:12
445024061,Nike Shoes,1,2010-01-28 08:20:06,2015-07-23 06:56:27
246623828,Tommy Jersey,2,2010-01-28 08:20:07,2015-07-23 06:56:27
444374887,Northface Jacket,6,2010-01-28 14:04:10,2010-01-29 19:38:27
242551395,Nike Shoes,3,2010-01-28 14:14:04,2010-01-29 19:41:30
646540031,Nike Shoes,6,2010-01-28 14:27:16,2010-01-29 19:44:12
245423757,Reebox Shorts,5,2010-01-28 15:39:55,2010-01-29 19:47:29
945509164,Reebox Shorts,3,2010-01-28 15:49:53,2015-07-23 17:35:58
746795566,Reebox Shorts,1,2010-01-28 15:50:16,2010-01-29 20:02:17
244953717,Nike T-shirts,3,2010-01-28 15:50:18,2010-01-29 20:02:17
545481993,Nike Shoes,8,2010-01-28 15:54:56,2010-01-29 20:50:17
636562217,Northface Jacket,1,2010-01-28 15:54:58,2010-01-29 20:50:17
246630948,Northface Jacket,10,2010-01-28 16:17:21,2010-01-29 20:56:04
944190039,Tommy Jersey,10,2010-01-28 16:40:32,2010-01-29 21:02:23
843967871,NewBalance Shoes,0,2010-01-28 16:40:35,2010-01-29 21:02:24
546731963,Nike T-shirts,2,2010-01-28 17:23:07,2010-01-29 21:05:40
245304716,Nike Shoes,3,2010-01-28 17:26:25,2010-01-29 21:08:09
946011095,Nike Shoes,9,2010-01-28 17:36:24,2010-01-29 21:13:49
345223596,NewBalance Shoes,0,2010-01-28 18:38:49,2010-01-29 21:16:31
546791999,Reebox Shorts,5,2010-01-28 18:38:54,2010-01-29 21:20:46
646373977,Nike Shoes,8,2010-01-28 18:42:44,2010-02-10 23:29:06
345367317,Nike Shoes,10,2010-01-28 19:13:00,2010-01-29 21:30:09
846831216,Northface Jacket,9,2010-01-28 19:13:01,2010-01-29 21:30:09
746679030,NewBalance Shoes,0,2010-01-28 19:13:18,2010-02-05 23:38:11
646813991,Tommy Jersey,10,2010-01-28 19:18:51,2015-07-23 17:39:37
646243395,Nike T-shirts,8,2010-01-28 19:18:53,2015-07-23 17:39:37
346540421,Nike T-shirts,1,2010-01-28 19:18:54,2015-07-23 17:39:37
646700867,Tommy Jersey,10,2010-01-28 19:18:55,2015-07-23 17:39:37
445482161,Nike Shoes,3,2010-01-28 19:54:17,2010-02-09 01:09:31
445168592,NewBalance Shoes,10,2010-01-28 19:54:18,2010-02-09 01:09:31
946474889,NewBalance Shoes,2,2010-01-28 19:56:51,2010-01-29 21:53:07
946549493,Nike Shoes,2,2010-01-28 20:01:42,2010-01-29 22:07:33
446010358,NewBalance Shoes,8,2010-01-28 20:01:42,2010-01-29 22:07:33
245233370,Nike T-shirts,1,2010-01-28 21:00:12,2010-01-29 22:15:56
242726365,NewBalance Shoes,6,2010-01-28 22:03:21,2010-01-29 22:20:20
246718386,Reebox Shorts,1,2010-01-28 22:03:23,2010-01-29 22:20:21
945948758,Tommy Jersey,8,2010-01-28 22:03:24,2010-01-29 22:20:21
245865791,Northface Jacket,4,2010-01-28 22:23:39,2010-01-29 22:28:30
542563558,Northface Jacket,7,2010-01-29 00:49:00,2010-01-29 22:31:30
238248474,Nike T-shirts,2,2010-01-29 00:59:18,2010-01-29 22:34:47
945307371,Nike T-shirts,2,2010-01-29 02:00:24,2015-07-23 17:10:41
246798319,Nike Shoes,5,2010-01-29 02:00:25,2015-07-23 17:10:41
545503624,NewBalance Shoes,3,2010-01-29 02:00:25,2015-07-23 17:10:41
746656595,Reebox Shorts,1,2010-01-29 02:08:39,2010-01-29 22:41:57
938185856,Northface Jacket,10,2010-01-29 05:22:47,2010-01-29 22:45:00
745458288,Reebox Shorts,4,2010-01-29 05:36:28,2010-01-29 22:54:05
646781638,Tommy Jersey,9,2010-01-29 12:18:39,2010-01-29 23:01:31
946809818,Tommy Jersey,9,2010-01-29 12:39:47,2010-01-29 23:07:41
645294007,NewBalance Shoes,2,2010-01-29 12:39:48,2010-01-29 23:07:42
443480807,Nike Shoes,8,2010-01-29 12:39:49,2010-01-29 23:07:42
546457950,Nike T-shirts,10,2010-01-29 14:05:47,2010-01-29 23:10:55
943253753,Tommy Jersey,9,2010-01-29 14:05:49,2010-01-29 23:10:55
544999329,Northface Jacket,0,2010-01-29 14:20:48,2010-01-29 23:22:14
646843982,Nike T-shirts,10,2010-01-29 14:50:32,2010-01-29 23:38:16
346547981,NewBalance Shoes,8,2010-01-29 14:50:33,2010-01-29 23:38:17
245458459,Nike Shoes,1,2010-01-29 14:51:43,2010-02-12 17:40:50
246421522,Nike Shoes,10,2010-01-29 15:53:11,2010-01-30 00:06:25
646832596,Nike T-shirts,3,2010-01-29 16:13:03,2010-02-10 23:25:10
545330668,Tommy Jersey,10,2010-01-29 16:13:05,2010-02-10 23:25:10
446822468,Tommy Jersey,2,2010-01-29 16:31:48,2010-01-30 00:24:44
945799426,Tommy Jersey,2,2010-01-29 16:31:50,2010-01-30 00:24:44
545436792,Tommy Jersey,8,2010-01-29 17:11:48,2015-07-23 11:15:54
545486636,Tommy Jersey,1,2010-01-29 17:11:49,2015-07-23 11:15:54
643467563,Nike T-shirts,6,2010-01-29 17:11:50,2015-07-23 11:15:54
743090280,NewBalance Shoes,1,2010-01-29 17:49:02,2010-01-30 00:33:02
646358102,Nike Shoes,8,2010-01-29 18:51:40,2010-01-30 00:38:41
946798733,Nike T-shirts,4,2010-01-29 18:51:41,2010-01-30 00:38:41
646844721,NewBalance Shoes,7,2010-01-29 18:51:42,2010-01-30 00:38:41
344600692,Tommy Jersey,2,2010-01-29 18:51:43,2010-01-30 00:38:41
845432037,NewBalance Shoes,2,2010-01-29 18:57:46,2010-01-30 00:42:29
445132045,NewBalance Shoes,5,2010-01-29 18:57:47,2010-01-30 00:42:29
445308047,Reebox Shorts,3,2010-01-29 19:08:56,2010-01-30 00:48:31
242841509,Reebox Shorts,1,2010-01-29 19:08:58,2010-01-30 00:48:32
545503069,Tommy Jersey,10,2010-01-29 19:17:23,2010-01-30 00:54:52
940384731,Northface Jacket,4,2010-01-29 19:24:05,2010-01-30 00:58:21
339982998,NewBalance Shoes,9,2010-01-29 19:24:07,2010-01-30 00:58:21
646809653,Nike Shoes,9,2010-01-29 19:24:08,2010-01-30 00:58:21
646591789,Northface Jacket,2,2010-01-29 19:35:55,2010-01-30 01:01:00
545329969,Northface Jacket,0,2010-01-29 19:56:55,2010-01-30 01:03:15
945475477,NewBalance Shoes,3,2010-01-29 20:25:10,2015-07-23 09:19:25
445371634,Nike T-shirts,7,2010-01-29 20:29:41,2010-01-30 01:08:41
846812113,Northface Jacket,6,2010-01-29 20:37:57,2010-01-30 01:35:12
345427640,Nike T-shirts,5,2010-01-29 20:37:58,2010-01-30 01:35:12
346699381,Tommy Jersey,1,2010-01-29 20:37:59,2010-01-30 01:35:12
446582222,Tommy Jersey,10,2010-01-29 20:38:00,2010-01-30 01:35:13
540992519,Northface Jacket,10,2010-01-29 20:38:01,2010-01-30 01:35:13
745195337,NewBalance Shoes,9,2010-01-29 20:38:02,2010-01-30 01:35:13
345519900,Reebox Shorts,10,2010-01-29 20:38:03,2010-01-30 01:35:13
344460277,Nike T-shirts,8,2010-01-29 20:38:03,2010-01-30 01:35:13
245592731,Reebox Shorts,0,2010-01-29 20:56:42,2010-02-01 18:27:37
942549793,Northface Jacket,1,2010-01-29 21:32:05,2010-02-01 18:43:27
845474064,Nike T-shirts,4,2010-01-29 21:46:04,2010-02-11 08:49:26
246758149,NewBalance Shoes,0,2010-01-29 21:54:08,2010-02-11 08:51:03
946848255,Tommy Jersey,0,2010-01-29 21:54:09,2010-02-11 08:51:03
443588140,Reebox Shorts,10,2010-01-29 21:54:10,2010-02-11 08:51:03
645390366,Tommy Jersey,9,2010-01-29 22:56:22,2010-02-12 17:42:58
845448101,Reebox Shorts,5,2010-01-30 00:27:37,2010-02-09 01:13:50
246005713,Nike Shoes,1,2010-01-30 00:27:38,2010-02-09 01:13:50
946833013,Nike T-shirts,1,2010-01-30 00:34:32,2010-02-05 00:34:47
746640364,Reebox Shorts,0,2010-01-30 00:43:31,2010-02-09 01:14:51
241915071,Nike T-shirts,10,2010-01-30 00:48:03,2010-02-09 01:17:36
346734900,Northface Jacket,6,2010-01-30 00:56:10,2016-02-11 16:42:00
546656677,Reebox Shorts,2,2010-01-30 01:38:34,2010-02-12 17:44:40
846739180,NewBalance Shoes,3,2010-01-30 01:56:44,2010-02-12 17:45:26
543095226,Tommy Jersey,1,2010-01-30 03:00:47,2010-02-12 17:46:15
745995994,Tommy Jersey,9,2010-01-30 03:00:49,2010-02-12 17:46:15
945866080,NewBalance Shoes,1,2010-01-30 04:41:35,2010-02-09 01:15:37
541295426,Northface Jacket,10,2010-01-30 05:31:11,2010-02-05 16:55:05
446680816,Nike T-shirts,4,2010-01-30 05:39:20,2010-02-05 16:54:40
840649401,Reebox Shorts,10,2010-01-30 05:39:49,2010-02-09 01:18:39
946833396,Nike T-shirts,3,2010-01-30 06:16:38,2010-02-04 23:04:45
446668704,Tommy Jersey,0,2010-01-30 06:16:40,2010-02-04 23:04:46
545499408,NewBalance Shoes,3,2010-01-30 07:16:56,2010-02-09 01:21:40
742919647,Nike Shoes,7,2010-01-30 08:17:36,2010-02-05 00:36:05
544172431,Reebox Shorts,6,2010-01-30 08:17:36,2010-02-05 00:36:05
321867869,Northface Jacket,5,2010-01-30 09:20:49,2010-02-09 01:22:57
944773314,Reebox Shorts,1,2010-01-30 09:20:51,2010-02-09 01:22:57
945482985,NewBalance Shoes,10,2010-01-30 14:37:04,2010-02-05 16:50:43
345227588,Reebox Shorts,10,2010-01-30 16:10:48,2010-02-12 18:02:32
845454694,Reebox Shorts,9,2010-01-30 16:10:50,2010-02-12 18:02:32
645370462,Nike Shoes,10,2010-01-30 16:25:20,2010-02-12 18:03:04
746175770,NewBalance Shoes,8,2010-01-30 16:25:22,2010-02-12 18:03:04
622742381,Nike Shoes,0,2010-01-30 16:42:54,2010-02-12 18:03:39
943396220,Tommy Jersey,1,2010-01-30 16:42:55,2010-02-12 18:03:40
446763522,Nike T-shirts,4,2010-01-30 16:56:20,2010-02-09 01:23:46
545480986,Northface Jacket,0,2010-01-30 18:19:25,2010-02-09 22:53:54
846802966,Nike T-shirts,0,2010-01-30 18:19:27,2010-02-09 22:53:54
244869229,Tommy Jersey,10,2010-01-30 18:20:15,2010-02-09 01:24:27
346824528,Northface Jacket,9,2010-01-30 18:47:39,2010-02-12 18:04:01
446584498,Reebox Shorts,5,2010-01-30 19:50:42,2010-02-09 01:26:06
945118965,NewBalance Shoes,1,2010-01-30 21:21:50,2010-02-12 18:04:33
546821969,Nike T-shirts,1,2010-01-30 23:01:02,2010-02-12 18:04:49
444451361,Nike Shoes,0,2010-01-30 23:13:44,2010-02-12 18:05:18
746832065,Nike T-shirts,10,2010-01-30 23:13:45,2010-02-12 18:05:18
645460459,Nike Shoes,6,2010-01-31 02:12:11,2010-02-12 18:22:29
323853366,Nike Shoes,2,2010-01-31 03:08:43,2010-02-09 01:26:36
346771370,NewBalance Shoes,3,2010-01-31 04:01:59,2010-02-05 16:49:47
243901057,Nike Shoes,1,2010-01-31 15:52:24,2010-02-09 01:34:06
844707796,Nike Shoes,9,2010-01-31 16:44:35,2010-02-12 18:06:17
945502558,NewBalance Shoes,1,2010-01-31 16:44:36,2010-02-12 18:06:18
445220440,Tommy Jersey,10,2010-01-31 17:05:04,2010-02-12 18:22:54
844970742,Northface Jacket,4,2010-01-31 17:05:07,2010-02-12 18:22:55
445461081,NewBalance Shoes,10,2010-01-31 17:05:08,2010-02-12 18:22:55
944656496,Tommy Jersey,3,2010-01-31 18:30:29,2010-02-12 18:23:27
245466009,Northface Jacket,0,2010-01-31 18:30:31,2010-02-12 18:23:28
746802337,Tommy Jersey,3,2010-01-31 18:38:05,2010-02-12 18:24:43
245460195,Reebox Shorts,7,2010-01-31 18:59:51,2010-02-05 16:49:19
343134333,Northface Jacket,6,2010-01-31 18:59:52,2010-02-05 16:49:19
646799802,Tommy Jersey,5,2010-01-31 19:06:02,2010-02-05 16:48:42
646092802,Northface Jacket,1,2010-01-31 19:06:03,2010-02-05 16:48:43
546763713,Nike Shoes,10,2010-01-31 19:18:01,2010-02-12 18:25:30
243423512,Nike Shoes,10,2010-01-31 19:30:08,2010-02-12 18:35:34
945154930,Nike T-shirts,9,2010-01-31 19:30:10,2010-02-12 18:35:34
845487518,Nike Shoes,10,2010-01-31 19:30:11,2010-02-12 18:35:35
346826905,Nike Shoes,8,2010-01-31 19:48:11,2010-02-09 01:48:42
745029295,Nike T-shirts,0,2010-01-31 19:48:13,2010-02-09 01:48:42
446810077,Tommy Jersey,1,2010-01-31 19:48:14,2010-02-09 01:48:43
946484163,NewBalance Shoes,4,2010-01-31 19:50:25,2010-02-12 18:36:04
745289949,Nike Shoes,0,2010-01-31 19:50:27,2010-02-12 18:36:04
944449396,Northface Jacket,0,2010-01-31 19:50:28,2010-02-12 18:36:04
745495197,NewBalance Shoes,10,2010-01-31 20:01:30,2010-02-04 21:41:21
945347948,Reebox Shorts,9,2010-01-31 20:26:58,2010-02-12 18:36:46
645832842,Nike Shoes,5,2010-01-31 20:27:00,2010-02-12 18:36:47
645488068,Tommy Jersey,1,2010-01-31 20:57:22,2010-02-11 08:59:58
545475141,Nike Shoes,1,2010-01-31 21:08:12,2010-02-09 01:49:56
945152235,Northface Jacket,0,2010-01-31 21:28:40,2010-02-12 18:37:50
643680713,Northface Jacket,10,2010-01-31 21:28:42,2010-02-12 18:37:50
346557953,Tommy Jersey,6,2010-01-31 21:28:43,2010-02-12 18:37:50
746718040,NewBalance Shoes,2,2010-01-31 21:28:44,2010-02-12 18:37:50
821341726,Tommy Jersey,3,2010-01-31 21:39:18,2010-02-09 01:50:23
646721163,Northface Jacket,1,2010-01-31 22:06:34,2010-02-09 01:51:22
846813232,Northface Jacket,9,2010-01-31 22:12:23,2010-02-12 18:38:22
921428957,Northface Jacket,1,2010-02-01 00:18:32,2010-02-12 18:38:48
843006266,Reebox Shorts,10,2010-02-01 00:23:51,2010-02-09 01:51:58
345421728,Nike Shoes,4,2010-02-01 00:58:54,2010-02-09 01:49:13
845033238,Tommy Jersey,10,2010-02-01 01:26:50,2010-02-05 16:48:14
746801985,Reebox Shorts,3,2010-02-01 02:11:10,2010-02-12 18:39:23
245462132,Nike Shoes,0,2010-02-01 02:20:58,2010-02-12 18:39:55
645245984,Nike Shoes,3,2010-02-01 02:21:00,2010-02-12 18:39:55
645969056,Reebox Shorts,7,2010-02-01 02:27:48,2010-02-12 18:40:25
846190951,Nike Shoes,6,2010-02-01 02:38:14,2010-02-12 18:41:12
245474644,Tommy Jersey,5,2010-02-01 03:08:07,2010-02-09 01:52:50
345513855,Reebox Shorts,1,2010-02-01 03:08:08,2010-02-09 01:52:50
545482354,Reebox Shorts,10,2010-02-01 03:08:09,2010-02-09 01:52:50
745019980,Nike Shoes,10,2010-02-01 03:08:11,2010-02-09 01:52:50
245720940,Tommy Jersey,9,2010-02-01 03:08:41,2010-02-12 18:41:40
445431434,Northface Jacket,10,2010-02-01 03:08:42,2010-02-12 18:41:40
944706020,Reebox Shorts,8,2010-02-01 03:09:06,2010-02-12 18:42:10
221776331,Northface Jacket,0,2010-02-01 03:21:50,2010-02-12 18:42:38
836914269,Northface Jacket,1,2010-02-01 03:21:52,2010-02-12 18:42:38
344531193,Nike Shoes,4,2010-02-01 04:34:16,2010-02-09 01:53:22
946852499,NewBalance Shoes,0,2010-02-01 05:17:59,2010-02-09 01:53:50
746811428,Tommy Jersey,0,2010-02-01 05:27:07,2010-02-04 21:40:41
645439798,Nike T-shirts,10,2010-02-01 06:07:26,2010-02-09 01:54:24
546423844,Tommy Jersey,9,2010-02-01 07:04:47,2010-02-16 22:03:42
545711138,NewBalance Shoes,5,2010-02-01 07:04:49,2010-02-16 22:03:42
746827109,Reebox Shorts,1,2010-02-01 12:50:26,2010-02-12 18:43:22
446729838,NewBalance Shoes,1,2010-02-01 13:51:45,2010-02-06 00:26:11
545511287,Nike Shoes,0,2010-02-01 13:51:46,2010-02-06 00:26:11
645325971,Reebox Shorts,10,2010-02-01 13:51:46,2010-02-06 00:26:11
545732591,Nike T-shirts,6,2010-02-01 13:51:48,2010-02-06 00:26:11
345763457,Nike Shoes,2,2010-02-01 13:51:49,2010-02-06 00:26:11
246816138,Reebox Shorts,3,2010-02-01 15:34:49,2010-02-05 22:55:38
845310759,Nike T-shirts,1,2010-02-01 15:34:50,2010-02-05 22:55:38
645878668,Nike T-shirts,9,2010-02-01 15:36:04,2010-02-12 18:43:51
945272373,Tommy Jersey,1,2010-02-01 15:36:10,2010-02-12 18:43:51
445430818,NewBalance Shoes,10,2010-02-01 16:03:08,2010-02-05 22:54:30
942820667,Nike T-shirts,4,2010-02-01 16:05:09,2010-02-05 22:56:32
744948545,Reebox Shorts,10,2010-02-01 16:10:42,2015-07-23 11:54:42
346643085,Nike Shoes,3,2010-02-01 16:10:43,2015-07-23 11:54:42
545454347,Tommy Jersey,6,2010-02-01 16:16:47,2010-02-05 23:00:41
446184775,Reebox Shorts,4,2010-02-01 16:51:23,2010-02-12 18:44:21
245488456,Nike Shoes,7,2010-02-01 16:53:51,2010-02-12 18:44:49
845020074,Nike Shoes,3,2010-02-01 17:06:28,2010-02-09 01:57:52
546653585,Reebox Shorts,5,2010-02-01 17:06:30,2010-02-09 01:57:52
645897605,Nike Shoes,1,2010-02-01 17:12:52,2010-02-05 23:01:50
244077928,Tommy Jersey,9,2010-02-01 18:12:56,2010-02-05 23:03:11
446820633,Reebox Shorts,7,2010-02-01 18:12:56,2010-02-05 23:03:11
846538019,Reebox Shorts,10,2010-02-01 18:15:57,2010-02-12 18:46:58
745461194,Nike Shoes,2,2010-02-01 18:15:59,2010-02-12 18:46:59
244393217,Tommy Jersey,8,2010-02-01 18:19:32,2015-07-23 17:24:38
646801446,Northface Jacket,8,2010-02-01 18:19:34,2015-07-23 17:24:38
945489592,Reebox Shorts,6,2010-02-01 18:19:36,2015-07-23 17:24:38
842986489,Northface Jacket,10,2010-02-01 18:19:37,2015-07-23 17:24:38
945221004,Northface Jacket,9,2010-02-01 18:46:35,2010-02-12 18:47:56
546819495,Nike Shoes,4,2010-02-01 18:46:37,2010-02-12 18:47:57
819035832,NewBalance Shoes,10,2010-02-01 19:02:38,2015-07-23 13:20:53
245138788,Tommy Jersey,2,2010-02-01 19:12:26,2010-02-12 18:48:55
743694299,Nike T-shirts,2,2010-02-01 19:12:27,2010-02-12 18:48:55
244640618,Tommy Jersey,2,2010-02-01 19:31:30,2010-02-12 18:49:25
346759722,NewBalance Shoes,9,2010-02-01 19:53:41,2010-02-12 18:49:53
345182646,Reebox Shorts,8,2010-02-01 20:09:22,2010-02-12 18:50:21
345447548,NewBalance Shoes,8,2010-02-01 20:09:24,2010-02-12 18:50:21
832017357,Nike Shoes,7,2010-02-01 20:53:23,2010-02-12 18:51:04
346734310,Reebox Shorts,6,2010-02-01 20:53:28,2010-02-12 18:51:04
945490281,Nike T-shirts,9,2010-02-01 21:27:38,2010-02-12 18:51:46
445543081,Nike Shoes,7,2010-02-01 22:52:19,2010-02-05 23:04:41
546830123,Reebox Shorts,6,2010-02-01 22:52:21,2010-02-05 23:04:41
345482670,Nike T-shirts,4,2010-02-01 22:52:22,2010-02-05 23:04:41
446804084,Nike T-shirts,7,2010-02-01 22:59:02,2010-02-05 16:56:51
942799111,Tommy Jersey,3,2010-02-01 23:39:02,2010-02-16 20:38:17
542891943,NewBalance Shoes,5,2010-02-01 23:39:05,2010-02-16 20:38:17
546041044,Nike T-shirts,1,2010-02-02 00:25:38,2010-02-02 01:33:53
646646356,Nike Shoes,9,2010-02-02 00:46:33,2010-02-05 23:05:55
845400939,Nike Shoes,7,2010-02-02 00:46:34,2010-02-05 23:05:55
946756851,Tommy Jersey,10,2010-02-02 01:33:51,2015-07-22 17:36:18
246835912,Northface Jacket,2,2010-02-02 02:31:43,2010-02-12 18:53:17
745412264,NewBalance Shoes,8,2010-02-02 02:31:45,2010-02-12 18:53:17
646385941,Northface Jacket,8,2010-02-02 02:37:08,2010-02-09 01:59:46
946790055,Northface Jacket,6,2010-02-02 03:08:10,2010-02-12 18:53:57
945397929,NewBalance Shoes,10,2010-02-02 03:08:12,2010-02-12 18:53:58
243355793,Nike T-shirts,9,2010-02-02 03:08:13,2010-02-12 18:53:58
646617566,Northface Jacket,4,2010-02-02 03:08:33,2010-02-05 23:07:00
840465272,Nike Shoes,10,2010-02-02 03:11:50,2010-02-09 02:01:38
645291256,Nike T-shirts,2,2010-02-02 03:15:44,2010-02-09 02:02:13
746815741,Tommy Jersey,2,2010-02-02 04:40:07,2010-02-09 02:03:03
440188249,NewBalance Shoes,2,2010-02-02 06:03:29,2010-02-12 18:54:32
345881317,NewBalance Shoes,9,2010-02-02 06:03:30,2010-02-12 18:54:32
637656504,Tommy Jersey,8,2010-02-02 06:03:32,2010-02-12 18:54:32
744671934,NewBalance Shoes,8,2010-02-02 06:03:33,2010-02-12 18:54:32
845277815,Nike Shoes,7,2010-02-02 14:34:55,2010-02-16 22:27:08
845447878,NewBalance Shoes,6,2010-02-02 14:34:57,2010-02-16 22:27:08
645278071,Northface Jacket,9,2010-02-02 15:31:11,2010-02-05 23:09:41
746835850,Tommy Jersey,7,2010-02-02 16:47:01,2010-02-12 18:55:37
546231035,Tommy Jersey,4,2010-02-02 16:47:03,2010-02-12 18:55:37
243931164,Northface Jacket,5,2010-02-02 17:38:11,2010-02-16 22:42:17
644346911,Reebox Shorts,7,2010-02-02 17:38:12,2010-02-16 22:42:17
544667673,Northface Jacket,5,2010-02-02 18:00:54,2010-02-09 02:08:34
946542302,Northface Jacket,8,2010-02-02 18:22:11,2010-11-05 17:58:51
246796464,NewBalance Shoes,5,2010-02-02 18:22:12,2010-11-05 17:58:51
943582277,Nike Shoes,6,2010-02-02 18:22:13,2010-11-05 17:58:51
545454542,Nike Shoes,10,2010-02-02 18:43:47,2010-02-16 22:47:54
446607297,Nike Shoes,5,2010-02-02 18:43:48,2010-02-16 22:47:54
945367740,Tommy Jersey,4,2010-02-02 18:43:50,2010-02-16 22:47:54
745630432,Northface Jacket,3,2010-02-02 18:52:59,2010-02-12 18:59:04
446790620,NewBalance Shoes,1,2010-02-02 18:53:01,2010-02-12 18:59:04
645454943,Northface Jacket,8,2010-02-02 18:53:02,2010-02-12 18:59:04
845877127,Northface Jacket,5,2010-02-02 18:59:51,2010-02-09 02:10:24
843276369,NewBalance Shoes,3,2010-02-02 18:59:53,2010-02-09 02:10:24
344131671,Nike T-shirts,0,2010-02-02 19:19:31,2010-02-12 18:59:41
240438461,Northface Jacket,0,2010-02-02 19:19:32,2010-02-12 18:59:41
736048485,Nike Shoes,2,2010-02-02 19:19:34,2010-02-12 18:59:41
923634990,Nike T-shirts,6,2010-02-02 19:19:35,2010-02-12 18:59:41
645110084,Tommy Jersey,1,2010-02-02 19:19:36,2010-02-12 18:59:41
745338080,NewBalance Shoes,3,2010-02-02 19:19:38,2010-02-12 18:59:41
846780939,NewBalance Shoes,10,2010-02-02 20:07:57,2010-02-12 19:00:13
835343639,Tommy Jersey,1,2010-02-02 20:16:23,2010-02-12 19:00:44
644317540,NewBalance Shoes,8,2010-02-02 21:13:44,2010-02-12 19:01:19
646817648,Nike Shoes,6,2010-02-02 21:13:46,2010-02-12 19:01:19
445416505,NewBalance Shoes,1,2010-02-02 21:13:47,2010-02-12 19:01:19
246747710,Northface Jacket,2,2010-02-02 21:30:50,2010-02-09 02:10:54
846834501,Tommy Jersey,6,2010-02-02 21:33:14,2010-02-12 19:01:51
346821241,Tommy Jersey,3,2010-02-02 21:55:04,2010-02-12 19:02:23
245492086,Northface Jacket,6,2010-02-02 21:59:04,2010-02-09 02:11:21
546822264,Reebox Shorts,5,2010-02-02 21:59:05,2010-02-09 02:11:21
845434893,Northface Jacket,3,2010-02-02 21:59:06,2010-02-09 02:11:21
745440268,Northface Jacket,1,2010-02-02 23:48:29,2010-02-12 19:03:13
645473569,NewBalance Shoes,3,2010-02-02 23:48:31,2010-02-12 19:03:13
946818944,Nike Shoes,8,2010-02-02 23:52:59,2010-02-12 19:03:50
446733583,Nike Shoes,1,2010-02-02 23:53:01,2010-02-12 19:03:50
444061076,Nike Shoes,10,2010-02-02 23:53:03,2010-02-12 19:03:50
644371527,Nike Shoes,10,2010-02-03 04:35:22,2010-02-09 02:11:48
526565454,Tommy Jersey,0,2010-02-03 05:31:50,2010-02-12 19:04:21
645370286,Northface Jacket,2,2010-02-03 05:41:48,2010-02-09 02:12:14
944601846,NewBalance Shoes,3,2010-02-03 05:41:49,2010-02-09 02:12:14
246800587,Northface Jacket,9,2010-02-03 06:01:05,2010-02-12 19:04:55
446679051,Northface Jacket,0,2010-02-03 06:37:03,2010-02-12 19:05:31
246500782,NewBalance Shoes,5,2010-02-03 14:16:00,2010-02-16 22:52:59
642892740,Nike T-shirts,1,2010-02-03 14:16:02,2010-02-16 22:52:59
545514655,Northface Jacket,8,2010-02-03 14:16:03,2010-02-16 22:53:00
231126620,Nike Shoes,5,2010-02-03 14:16:04,2010-02-16 22:53:00
445572709,Nike T-shirts,3,2010-02-03 14:16:05,2010-02-16 22:53:00
644437076,Tommy Jersey,0,2010-02-03 14:58:12,2010-02-12 19:06:47
244879716,NewBalance Shoes,0,2010-02-03 14:58:14,2010-02-12 19:06:47
945213343,NewBalance Shoes,2,2010-02-03 15:09:43,2010-02-18 04:47:33
246158806,Tommy Jersey,6,2010-02-03 15:14:49,2010-02-12 19:07:27
846618531,NewBalance Shoes,1,2010-02-03 15:29:18,2010-02-16 23:00:34
445496885,Nike Shoes,3,2010-02-03 15:29:21,2010-02-16 23:00:35
646561529,NewBalance Shoes,10,2010-02-03 15:35:02,2010-02-19 23:22:39
446766967,Northface Jacket,1,2010-02-03 15:35:09,2010-02-19 23:22:39
545952379,Tommy Jersey,8,2010-02-03 15:35:09,2010-02-19 23:22:39
732105764,Tommy Jersey,6,2010-02-03 15:39:57,2015-07-23 12:33:03
544117276,Northface Jacket,1,2010-02-03 15:39:59,2015-07-23 12:33:03
345519555,Reebox Shorts,2,2010-02-03 15:40:01,2015-07-23 12:33:03
243127103,Northface Jacket,6,2010-02-03 15:40:02,2015-07-23 12:33:03
845198854,Northface Jacket,3,2010-02-03 15:40:04,2015-07-23 12:33:03
646694389,NewBalance Shoes,6,2010-02-03 15:40:19,2010-02-19 23:42:31
645479378,Nike Shoes,5,2010-02-03 15:40:22,2010-02-19 23:42:31
523046320,Reebox Jersey,3,2010-02-03 15:40:23,2010-02-19 23:42:31
846791960,Nike Golf Gloves,1,2010-02-03 15:46:19,2010-02-16 01:19:40
833934668,Tommy Perfume,3,2010-02-03 15:46:20,2010-02-16 01:19:40
546650766,Tommy Perfume,8,2010-02-03 15:46:20,2010-02-16 01:19:40
546818924,Reebox Jersey,1,2010-02-03 15:49:29,2010-02-19 23:45:05
846276717,Nike Golf Gloves,10,2010-02-03 15:49:31,2010-02-19 23:45:05
646130347,Tommy Perfume,10,2010-02-03 15:49:33,2010-02-19 23:45:05
246801797,Northface Winter Gloves,0,2010-02-03 15:50:10,2010-02-09 02:12:46
946764741,Nike Golf Gloves,2,2010-02-03 15:51:03,2010-02-18 04:46:37
845375993,NewBalance T-shirts,3,2010-02-03 16:14:15,2010-02-18 04:45:37
745574350,Nike Pants,9,2010-02-03 16:14:45,2010-02-19 23:47:00
442337161,Nike Pants,0,2010-02-03 16:14:47,2010-02-19 23:47:01
646645905,NewBalance T-shirts,5,2010-02-03 16:20:18,2010-02-19 23:47:48
246451501,Nike Golf Gloves,8,2010-02-03 16:20:20,2010-02-19 23:47:48
245282838,Reebox Jersey,10,2010-02-03 16:20:21,2010-02-19 23:47:48
544983327,Nike Pants,9,2010-02-03 16:22:43,2010-02-22 23:19:31
546834922,Northface Winter Gloves,0,2010-02-03 16:22:46,2010-02-22 23:19:31
246782439,Tommy Perfume,10,2010-02-03 16:22:46,2010-02-22 23:19:31
345288391,Tommy Perfume,8,2010-02-03 16:22:48,2010-02-18 04:43:38
546653262,Nike Pants,1,2010-02-03 16:25:40,2010-02-19 23:49:32
646681619,Nike Golf Gloves,10,2010-02-03 16:25:42,2010-02-19 23:49:32
746565626,Nike Pants,3,2010-02-03 16:25:44,2010-02-19 23:49:32
645399583,Nike Pants,10,2010-02-03 16:25:45,2010-02-19 23:49:32
546632911,NewBalance T-shirts,2,2010-02-03 16:25:46,2010-02-19 23:49:32
944866411,Northface Winter Gloves,2,2010-02-03 16:32:35,2010-02-18 04:42:16
346825661,Northface Winter Gloves,8,2010-02-03 16:32:35,2010-02-18 04:42:16
345269295,Nike Pants,1,2010-02-03 16:37:36,2010-02-19 23:51:30
445466779,NewBalance T-shirts,6,2010-02-03 16:38:51,2010-02-19 23:52:40
946844298,Reebox Jersey,1,2010-02-03 16:49:09,2010-02-19 23:53:24
846425990,Tommy Perfume,8,2010-02-03 16:49:11,2010-02-19 23:53:24
645304713,Nike Golf Gloves,4,2010-02-03 16:52:18,2010-02-12 19:08:37
545009822,Nike Golf Gloves,7,2010-02-03 17:00:20,2010-02-19 23:54:13
846561916,Tommy Perfume,2,2010-02-03 17:07:39,2010-02-19 23:55:13
946648476,Reebox Jersey,2,2010-02-03 17:07:41,2010-02-19 23:55:13
846800132,Northface Winter Gloves,5,2010-02-03 17:18:22,2010-02-18 04:41:00
846725203,Northface Winter Gloves,3,2010-02-03 17:23:38,2015-07-23 11:54:21
745466113,Reebox Jersey,1,2010-02-03 17:23:40,2015-07-23 11:54:21
246599636,Nike Golf Gloves,10,2010-02-03 17:23:41,2015-07-23 11:54:21
645353658,Reebox Jersey,4,2010-02-03 17:23:43,2015-07-23 11:54:21
944918052,Nike Golf Gloves,9,2010-02-03 17:23:44,2015-07-23 11:54:21
941767040,Tommy Perfume,9,2010-02-03 17:23:45,2015-07-23 11:54:21
746600503,Tommy Perfume,2,2010-02-03 17:35:16,2010-02-19 23:57:49
445447307,Reebox Jersey,8,2010-02-03 17:35:18,2010-02-19 23:57:49
845066276,Nike Golf Gloves,10,2010-02-03 17:35:20,2010-02-19 23:57:49
645474432,Tommy Perfume,9,2010-02-03 17:49:39,2010-02-18 04:39:49
545024310,Northface Winter Gloves,0,2010-02-03 17:49:41,2010-02-18 04:39:49
345688621,Nike Golf Gloves,10,2010-02-03 18:27:45,2010-02-20 00:03:42
745836551,NewBalance T-shirts,8,2010-02-03 18:27:47,2010-02-20 00:03:43
745461104,Nike Pants,1,2010-02-03 18:48:29,2015-07-23 17:23:37
643679929,Nike Pants,10,2010-02-03 18:48:31,2015-07-23 17:23:37
945488760,NewBalance T-shirts,3,2010-02-03 19:02:27,2015-07-23 17:44:57
841281414,Nike Golf Gloves,10,2010-02-03 19:02:29,2015-07-23 17:44:57
841255672,Reebox Jersey,2,2010-02-03 19:02:30,2015-07-23 17:44:57
741894076,Nike Pants,2,2010-02-03 19:02:31,2015-07-23 17:44:57
345412534,Northface Winter Gloves,8,2010-02-03 19:02:32,2015-07-23 17:44:57
245449704,Tommy Perfume,1,2010-02-03 19:12:58,2010-02-12 19:09:10
942976826,Tommy Perfume,6,2010-02-03 19:13:00,2010-02-12 19:09:10
744251470,Nike Pants,1,2010-02-03 19:15:50,2010-02-20 00:08:05
542638445,Nike Golf Gloves,8,2010-02-03 19:24:17,2010-02-20 00:09:30
745045302,Nike Pants,4,2010-02-03 19:35:31,2010-02-20 00:10:54
545349210,Nike Pants,7,2010-02-03 19:49:05,2010-02-20 00:12:30
646221865,NewBalance T-shirts,2,2010-02-03 19:49:06,2010-02-20 00:12:30
646521806,Northface Winter Gloves,2,2010-02-03 19:56:28,2010-02-12 19:09:39
246727204,Northface Winter Gloves,5,2010-02-03 19:56:39,2010-02-20 00:32:20
645001682,Nike Pants,3,2010-02-03 19:56:41,2010-02-20 00:32:20
545003699,NewBalance T-shirts,1,2010-02-03 19:56:42,2010-02-20 00:32:20
643941524,Reebox Jersey,10,2010-02-03 19:57:26,2010-02-18 04:39:01
542799239,Tommy Perfume,4,2010-02-03 19:57:57,2010-02-18 04:38:36
446705926,Nike Golf Gloves,9,2010-02-03 20:01:23,2010-02-20 00:33:43
846843213,Nike Golf Gloves,9,2010-02-03 20:01:30,2010-02-20 00:35:46
946772495,Tommy Perfume,2,2010-02-03 20:01:32,2010-02-20 00:35:46
945421010,Reebox Jersey,0,2010-02-03 20:01:33,2010-02-20 00:35:46
646837179,Northface Winter Gloves,3,2010-02-03 20:01:34,2010-02-20 00:35:46
943490656,Northface Winter Gloves,7,2010-02-03 20:01:35,2010-02-20 00:35:46
722821037,Reebox Jersey,6,2010-02-03 20:10:21,2010-02-20 00:37:25
246765281,Nike Golf Gloves,5,2010-02-03 20:10:23,2010-02-20 00:37:25
545486522,Reebox Jersey,1,2010-02-03 20:10:24,2010-02-20 00:37:26
746711854,Nike Golf Gloves,10,2010-02-03 20:10:25,2010-02-20 00:37:26
545435085,Tommy Perfume,10,2010-02-03 20:41:16,2010-02-09 02:13:17
645426297,Tommy Perfume,9,2010-02-03 20:44:50,2010-02-20 00:38:41
246631718,Reebox Jersey,10,2010-02-03 20:44:52,2010-02-20 00:38:41
745395694,Nike Golf Gloves,8,2010-02-03 20:44:53,2010-02-20 00:38:41
645529657,Tommy Perfume,0,2010-02-03 20:44:54,2010-02-20 00:38:41
845724129,Northface Winter Gloves,1,2010-02-03 20:47:37,2010-02-20 00:40:07
546769863,Nike Golf Gloves,4,2010-02-03 20:55:47,2015-07-23 16:13:21
945259607,NewBalance T-shirts,0,2010-02-03 21:19:11,2010-02-19 17:45:33
842673046,Nike Pants,0,2010-02-03 21:19:12,2010-02-19 17:45:33
446848900,Nike Pants,10,2010-02-03 21:19:13,2010-02-19 17:45:33
546798326,NewBalance T-shirts,9,2010-02-03 21:25:35,2010-02-20 00:41:15
842040029,Nike Golf Gloves,5,2010-02-03 21:35:04,2010-02-20 00:42:28
330347961,Reebox Jersey,1,2010-02-03 21:39:43,2010-02-18 04:39:24
641980740,Nike Pants,1,2010-02-03 21:39:43,2010-02-18 04:39:24
746627322,Northface Winter Gloves,0,2010-02-03 21:39:44,2010-02-18 04:39:24
746800610,Tommy Perfume,10,2010-02-03 21:44:55,2010-02-12 19:19:22
845406393,Tommy Perfume,6,2010-02-03 21:44:57,2010-02-12 19:19:22
446295279,Nike Pants,2,2010-02-03 23:12:09,2010-02-16 23:07:30
446845690,Nike Golf Gloves,3,2010-02-03 23:12:10,2010-02-16 23:07:30
945428153,Nike Pants,1,2010-02-03 23:12:11,2010-02-16 23:07:30
246790368,Nike Pants,9,2010-02-03 23:35:00,2010-02-05 23:12:52
346704517,NewBalance T-shirts,1,2010-02-04 00:22:26,2010-02-20 00:52:56
745455103,Northface Winter Gloves,10,2010-02-04 00:57:21,2010-02-20 00:54:16
545455149,Northface Winter Gloves,4,2010-02-04 00:57:23,2010-02-20 00:54:16
746689328,Nike Pants,10,2010-02-04 00:57:24,2010-02-20 00:54:16
244473922,NewBalance T-shirts,3,2010-02-04 02:03:57,2010-02-12 19:20:41
546361545,Reebox Jersey,0,2010-02-04 02:03:59,2010-02-12 19:20:42
745795521,Tommy Perfume,3,2010-02-04 02:04:00,2010-02-12 19:20:42
642356427,Nike Golf Gloves,7,2010-02-04 02:04:01,2010-02-12 19:20:42
445394890,Nike Golf Gloves,6,2010-02-04 02:04:02,2010-02-12 19:20:42
944856390,Tommy Perfume,5,2010-02-04 02:04:02,2010-02-12 19:20:42
346818440,Reebox Jersey,1,2010-02-04 02:56:19,2010-02-09 02:14:42
345468121,Northface Winter Gloves,10,2010-02-04 03:03:11,2010-02-20 00:55:21
846554661,Northface Winter Gloves,10,2010-02-04 03:03:12,2010-02-20 00:55:21
545366716,Reebox Jersey,9,2010-02-04 03:03:13,2010-02-20 00:55:21
639145585,Nike Golf Gloves,10,2010-02-04 03:47:37,2010-02-20 00:56:25
446611754,Reebox Jersey,8,2010-02-04 04:47:48,2010-02-11 08:44:52
246681080,Nike Golf Gloves,0,2010-02-04 05:12:07,2010-02-12 19:21:38
540857803,Tommy Perfume,1,2010-02-04 05:12:09,2010-02-12 19:21:38
538860228,Tommy Perfume,4,2010-02-04 07:32:08,2010-02-20 00:57:27
445437039,Reebox Jersey,0,2010-02-04 07:32:09,2010-02-20 00:57:27
345180676,Nike Golf Gloves,0,2010-02-04 13:16:21,2010-02-18 04:37:17
446808266,Tommy Perfume,10,2010-02-04 14:15:07,2010-02-11 08:41:59
444128136,Northface Winter Gloves,9,2010-02-04 14:15:09,2010-02-11 08:41:59
246155221,Nike Golf Gloves,5,2010-02-04 14:40:44,2010-02-11 08:40:26
946644219,NewBalance T-shirts,1,2010-02-04 14:40:45,2010-02-11 08:40:26
646500067,Nike Pants,1,2010-02-04 14:40:46,2010-02-11 08:40:26
845910830,Nike Pants,0,2010-02-04 14:40:47,2010-02-11 08:40:26
945507905,NewBalance T-shirts,10,2010-02-04 14:40:48,2010-02-11 08:40:26
339862415,Nike Golf Gloves,6,2010-02-04 14:40:49,2010-02-11 08:40:26
541507048,Reebox Jersey,2,2010-02-04 15:02:03,2010-02-12 19:23:07
445384190,Nike Pants,3,2010-02-04 15:02:05,2010-02-12 19:23:08
334529087,Northface Winter Gloves,1,2010-02-04 16:00:23,2010-02-12 19:23:38
645467145,Tommy Perfume,9,2010-02-04 16:00:24,2010-02-12 19:23:38
946456159,Tommy Perfume,1,2010-02-04 16:10:48,2010-02-18 04:37:44
346542980,Nike Pants,10,2010-02-04 16:51:13,2010-02-23 02:47:45
346863658,Nike Golf Gloves,4,2010-02-04 16:59:17,2010-02-23 02:47:46
245453555,Nike Pants,10,2010-02-04 17:06:15,2010-02-23 02:47:47
442186231,Nike Pants,3,2010-02-04 17:06:19,2010-02-20 00:59:05
746428893,NewBalance T-shirts,0,2010-02-04 17:06:20,2010-02-20 00:59:05
845318626,Northface Winter Gloves,3,2010-02-04 17:06:21,2010-02-20 00:59:05
646776821,Northface Winter Gloves,7,2010-02-04 17:07:49,2010-02-12 19:24:18
846689200,Nike Pants,6,2010-02-04 17:12:40,2010-02-23 02:47:47
634559148,NewBalance T-shirts,5,2010-02-04 17:16:24,2010-02-20 01:01:13
746835782,Reebox Jersey,1,2010-02-04 17:16:26,2010-02-20 01:01:13
842322814,Tommy Perfume,10,2010-02-04 17:21:07,2010-02-23 02:47:48
445493972,Nike Golf Gloves,10,2010-02-04 17:37:58,2010-02-12 19:24:48
346776535,Nike Golf Gloves,9,2010-02-04 17:45:36,2010-02-23 02:47:49
438094543,Tommy Perfume,10,2010-02-04 17:48:56,2010-02-12 19:25:18
446564853,Reebox Jersey,8,2010-02-04 17:48:58,2010-02-12 19:25:18
545345565,Northface Winter Gloves,0,2010-02-04 19:05:19,2010-02-23 02:47:50
546564370,Northface Winter Gloves,1,2010-02-04 19:32:52,2010-02-12 19:26:10
346843352,Reebox Jersey,4,2010-02-04 19:36:59,2010-02-16 23:12:38
244392752,Nike Golf Gloves,0,2010-02-04 19:36:59,2010-02-16 23:12:38
245226964,NewBalance Shoes,0,2010-02-04 20:12:35,2010-02-12 19:27:42
942503127,Nike Shoes,10,2010-02-04 20:26:59,2010-02-12 19:28:25
846560199,NewBalance Shoes,9,2010-02-04 20:51:21,2010-02-12 19:32:27
245403607,Northface Jacket,5,2010-02-04 20:52:39,2010-02-20 01:07:16
246644492,Tommy Jersey,1,2010-02-04 20:53:34,2010-02-12 19:33:17
841063179,Tommy Jersey,1,2010-02-04 21:04:04,2010-02-18 04:38:08
243364934,Northface Jacket,0,2010-02-04 21:30:50,2010-02-18 04:36:06
846774656,Reebox Shorts,10,2010-02-04 21:36:23,2010-02-12 19:33:46
645486263,Northface Jacket,6,2010-02-04 21:41:36,2010-02-16 20:40:00
846291880,Northface Jacket,2,2010-02-04 21:41:37,2010-02-16 20:40:00
943980308,NewBalance Shoes,3,2010-02-04 21:41:38,2010-02-16 20:40:01
345460573,Nike Shoes,1,2010-02-04 21:41:39,2010-02-16 20:40:01
245810200,Nike Shoes,9,2010-02-04 21:50:32,2010-02-20 01:08:43
345487035,Nike Shoes,1,2010-02-04 21:51:10,2010-02-12 19:34:51
845956620,Tommy Jersey,10,2010-02-04 21:51:11,2010-02-12 19:34:52
545494703,Northface Jacket,4,2010-02-04 22:04:27,2010-02-12 19:35:26
744904680,NewBalance Shoes,10,2010-02-04 22:04:28,2010-02-12 19:35:26
845470791,Northface Jacket,3,2010-02-04 22:04:29,2010-02-12 19:35:26
945377482,Northface Jacket,0,2010-02-04 22:04:30,2010-02-12 19:35:26
544304901,NewBalance Shoes,3,2010-02-04 22:15:31,2010-02-20 01:09:44
844982614,Nike T-shirts,7,2010-02-04 22:48:22,2010-02-12 19:35:54
243000242,Northface Jacket,6,2010-02-04 22:48:23,2010-02-12 19:35:54
846783505,Nike Shoes,5,2010-02-04 22:50:20,2010-02-20 01:10:33
844864234,Nike T-shirts,1,2010-02-04 22:53:28,2010-02-12 19:36:24
245107634,NewBalance Shoes,10,2010-02-04 22:53:42,2010-02-12 19:36:52
842736989,Nike Shoes,10,2010-02-04 22:53:44,2010-02-12 19:36:52
646337079,NewBalance Shoes,9,2010-02-04 22:53:45,2010-02-12 19:36:52
244018495,Northface Jacket,10,2010-02-04 23:04:43,2010-02-16 21:58:05
246431229,Tommy Jersey,8,2010-02-04 23:04:43,2010-02-16 21:58:05
837979476,Tommy Jersey,0,2010-02-04 23:04:43,2010-02-16 21:58:05
942866746,Northface Jacket,1,2010-02-04 23:45:04,2010-02-12 19:37:20
446830224,Reebox Shorts,4,2010-02-05 00:40:39,2010-02-23 16:25:03
745281687,Northface Jacket,0,2010-02-05 00:49:29,2010-02-12 19:37:51
345165593,Northface Jacket,0,2010-02-05 00:49:31,2010-02-12 19:37:51
845469698,NewBalance Shoes,10,2010-02-05 00:49:32,2010-02-12 19:37:51
446806646,Nike Shoes,9,2010-02-05 00:54:09,2010-02-23 02:47:50
645739323,Nike Shoes,5,2010-02-05 01:25:15,2010-02-20 01:11:20
646798928,Nike Shoes,1,2010-02-05 01:52:37,2010-02-09 02:15:56
243839101,Tommy Jersey,1,2010-02-05 01:52:38,2010-02-09 02:15:56
442469005,Northface Jacket,0,2010-02-05 02:09:57,2010-02-18 04:34:39
446836653,NewBalance Shoes,10,2010-02-05 02:22:47,2010-02-12 19:38:23
746703229,Northface Jacket,6,2010-02-05 02:22:48,2010-02-12 19:38:23
645433789,Northface Jacket,2,2010-02-05 02:22:49,2010-02-12 19:38:23
746694086,NewBalance Shoes,3,2010-02-05 02:26:51,2010-02-12 19:38:51
445481484,Nike T-shirts,1,2010-02-05 02:26:53,2010-02-12 19:38:51
546758106,Northface Jacket,9,2010-02-05 02:29:56,2016-07-26 09:26:58
945500304,Nike Shoes,1,2010-02-05 02:29:57,2016-07-26 09:26:58
738174228,Nike T-shirts,10,2010-02-05 03:00:13,2010-02-20 01:12:07
245038826,NewBalance Shoes,4,2010-02-05 03:00:14,2010-02-20 01:12:07
845465857,Nike Shoes,10,2010-02-05 04:10:46,2010-02-16 23:16:32
245081833,NewBalance Shoes,3,2010-02-05 04:10:47,2010-02-16 23:16:32
245750122,Northface Jacket,9,2010-02-05 04:37:34,2010-02-12 19:40:07
845491414,Tommy Jersey,1,2010-02-05 04:37:35,2010-02-12 19:40:07
645605069,Tommy Jersey,10,2010-02-05 04:37:36,2010-02-12 19:40:07
345305105,Northface Jacket,4,2010-02-05 04:37:37,2010-02-12 19:40:07
445476083,Reebox Shorts,10,2010-02-05 06:41:16,2010-02-18 04:35:05
545492583,Northface Jacket,3,2010-02-05 07:38:04,2010-02-12 19:40:38
446353624,Northface Jacket,0,2010-02-05 07:38:05,2010-02-12 19:40:38
445368392,NewBalance Shoes,3,2010-02-05 08:10:45,2010-02-12 19:42:17
846844235,Nike Shoes,7,2010-02-05 08:10:46,2010-02-12 19:42:17
245195361,Nike Shoes,6,2010-02-05 08:10:47,2010-02-12 19:42:17
746373476,Nike Shoes,5,2010-02-05 11:35:58,2010-02-12 19:42:53
443682518,Tommy Jersey,1,2010-02-05 11:36:00,2010-02-12 19:42:53
642371001,Northface Jacket,10,2010-02-05 13:44:38,2010-02-18 04:33:43
344693440,NewBalance Shoes,10,2010-02-05 14:14:11,2010-02-20 01:12:53
945439343,Northface Jacket,9,2010-02-05 14:14:11,2010-02-20 01:12:53
446124613,Northface Jacket,10,2010-02-05 14:30:17,2010-02-20 01:14:21
245472019,NewBalance Shoes,8,2010-02-05 15:04:24,2010-02-23 02:47:51
544095779,Nike T-shirts,0,2010-02-05 15:23:46,2010-02-09 02:16:31
940491115,Northface Jacket,1,2010-02-05 15:44:02,2010-02-20 01:15:15
645018862,Nike Shoes,4,2010-02-05 15:44:04,2010-02-20 01:15:15
944791517,Nike T-shirts,0,2010-02-05 15:48:42,2010-02-20 01:16:16
746835726,Nike Pants,0,2010-02-05 15:48:44,2010-02-20 01:16:16
445177517,Nike Pants,10,2010-02-05 16:00:42,2010-02-09 02:17:00
745408690,NewBalance T-shirts,9,2010-02-05 16:13:13,2010-02-11 18:16:14
245492573,Northface Winter Gloves,5,2010-02-05 16:33:20,2010-02-05 19:46:02
746623139,Northface Winter Gloves,1,2010-02-05 16:33:20,2010-02-05 19:46:02
645467496,Nike Pants,1,2010-02-05 16:33:21,2010-02-05 19:46:02
746446227,NewBalance T-shirts,0,2010-02-05 16:55:29,2010-02-20 01:17:22
645481281,Reebox Jersey,10,2010-02-05 16:55:30,2010-02-20 01:17:22
446492350,Tommy Perfume,6,2010-02-05 16:55:31,2010-02-20 01:17:22
345123676,Nike Golf Gloves,2,2010-02-05 17:29:20,2010-02-20 01:18:22
343013100,Nike Golf Gloves,3,2010-02-05 17:44:52,2010-02-18 04:33:22
445152993,Tommy Perfume,1,2010-02-05 18:13:46,2010-02-09 02:18:08
443510331,Reebox Jersey,9,2010-02-05 19:27:46,2010-02-09 02:18:38
743921340,Northface Winter Gloves,1,2010-02-05 19:44:02,2010-02-20 01:19:25
746836761,Northface Winter Gloves,10,2010-02-05 19:44:04,2010-02-20 01:19:25
945498392,Reebox Jersey,4,2010-02-05 19:45:59,2010-02-09 02:17:36
946497157,Nike Golf Gloves,10,2010-02-05 19:46:00,2010-02-09 02:17:36
246836140,Reebox Jersey,3,2010-02-05 19:46:00,2010-02-09 02:17:36
445492351,Nike Golf Gloves,0,2010-02-05 20:17:19,2010-02-18 20:12:19
446849643,Tommy Perfume,3,2010-02-05 21:32:05,2010-02-23 02:47:52
443744350,Tommy Perfume,7,2010-02-05 21:37:22,2010-02-20 01:21:52
446820320,Reebox Jersey,6,2010-02-05 22:12:04,2010-02-09 02:19:28
945321612,Nike Golf Gloves,5,2010-02-05 22:12:05,2010-02-09 02:19:28
343977057,Tommy Perfume,1,2010-02-05 22:25:44,2010-02-09 02:19:59
245179829,Northface Winter Gloves,10,2010-02-06 01:44:29,2010-02-20 01:22:51
645435228,Nike Golf Gloves,10,2010-02-06 01:44:30,2010-02-20 01:22:51
745473989,NewBalance T-shirts,9,2010-02-06 01:50:08,2010-02-20 01:23:41
645790208,Nike Pants,10,2010-02-06 02:09:28,2010-02-20 01:24:34
646824288,Nike Pants,8,2010-02-06 02:09:29,2010-02-20 01:24:34
445883498,NewBalance T-shirts,0,2010-02-06 02:09:30,2010-02-20 01:24:34
845147095,Northface Winter Gloves,1,2010-02-06 03:27:23,2010-02-18 04:34:07
346640349,Northface Winter Gloves,4,2010-02-06 03:27:23,2010-02-18 04:34:07
746814105,Nike Pants,0,2010-02-06 03:27:24,2010-02-18 04:34:07
638039706,NewBalance T-shirts,0,2010-02-06 03:43:12,2010-02-18 04:30:30
846734983,Reebox Jersey,10,2010-02-06 04:45:00,2010-02-09 02:20:31
443951046,Tommy Perfume,9,2010-02-06 04:46:22,2010-02-09 02:21:07
643213601,Nike Golf Gloves,5,2010-02-06 04:50:22,2010-02-20 01:26:35
844160196,Nike Golf Gloves,1,2010-02-06 04:50:23,2010-02-20 01:26:35
745450494,Tommy Perfume,1,2010-02-06 14:08:55,2010-02-17 23:34:16
946629508,Reebox Jersey,0,2010-02-06 15:29:59,2010-02-20 01:29:33
846227756,Northface Winter Gloves,10,2010-02-07 01:11:07,2010-02-20 01:30:29
545140730,Northface Winter Gloves,6,2010-02-07 01:38:42,2010-02-20 01:31:16
640512773,Reebox Jersey,2,2010-02-07 03:01:24,2010-02-20 01:32:02
845462604,Nike Golf Gloves,3,2010-02-08 03:48:58,2010-02-23 02:47:53
845309751,Reebox Jersey,1,2010-02-08 15:11:48,2010-02-23 02:47:54
443811120,Nike Golf Gloves,9,2010-02-08 15:13:57,2010-02-26 03:17:45
946747432,Tommy Perfume,1,2010-02-08 15:13:58,2010-02-26 03:17:45
745019790,Tommy Perfume,10,2010-02-08 15:13:59,2010-02-26 03:17:45
846723122,Reebox Jersey,4,2010-02-08 15:14:00,2010-02-26 03:17:45
645470393,Nike Golf Gloves,10,2010-02-08 15:14:55,2010-02-26 03:17:46
345508268,Tommy Perfume,3,2010-02-08 15:43:14,2010-02-26 03:17:46
644863558,Northface Winter Gloves,9,2010-02-08 15:47:13,2010-02-26 03:17:47
645479775,Nike Golf Gloves,1,2010-02-08 15:58:36,2010-02-26 03:17:48
345847233,NewBalance T-shirts,10,2010-02-08 16:01:06,2010-02-26 03:17:49
745269116,Nike Pants,4,2010-02-08 16:01:08,2010-02-26 03:17:49
420514941,Nike Pants,10,2010-02-08 16:01:09,2010-02-26 03:17:49
745051931,NewBalance T-shirts,3,2010-02-08 16:06:43,2010-02-26 03:17:50
644827874,Northface Winter Gloves,0,2010-02-08 16:06:44,2010-02-26 03:17:50
845306559,Northface Winter Gloves,3,2010-02-08 16:06:45,2010-02-26 03:17:50
845367259,Nike Pants,7,2010-02-08 16:37:21,2010-02-26 03:17:51
445491735,NewBalance T-shirts,6,2010-02-08 16:37:23,2010-02-26 03:17:52
345160972,Reebox Jersey,5,2010-02-08 16:37:25,2010-02-26 03:17:52
546742290,Tommy Perfume,1,2010-02-08 16:37:25,2010-02-26 03:17:52
545483273,Nike Golf Gloves,10,2010-02-08 16:41:33,2010-02-26 03:17:52
744939003,Nike Golf Gloves,10,2010-02-08 16:41:36,2010-02-26 03:17:52
944628954,Tommy Perfume,9,2010-02-08 16:55:07,2010-02-26 03:17:53
946234590,Reebox Jersey,10,2010-02-08 16:55:09,2010-02-26 03:17:53
545216221,Northface Winter Gloves,8,2010-02-08 16:55:10,2010-02-26 03:17:53
945477792,Northface Winter Gloves,0,2010-02-08 16:55:11,2010-02-26 03:17:53
845399617,Reebox Jersey,1,2010-02-08 16:55:11,2010-02-26 03:17:53
645465045,Nike Golf Gloves,4,2010-02-08 17:00:26,2010-02-26 03:17:54
545128593,Reebox Jersey,0,2010-02-08 17:00:28,2010-02-26 03:17:54
246523259,Nike Golf Gloves,0,2010-02-08 17:11:55,2010-02-26 03:17:55
544177273,Tommy Perfume,10,2010-02-08 17:22:52,2010-02-26 03:17:56
845303482,Tommy Perfume,9,2010-02-08 17:22:53,2010-02-26 03:17:56
346126866,Reebox Jersey,5,2010-02-08 17:22:54,2010-02-26 03:17:56
645275534,Nike Golf Gloves,1,2010-02-08 17:22:55,2010-02-26 03:17:56
745466427,Tommy Perfume,1,2010-02-08 17:22:55,2010-02-26 03:17:56
946660822,Northface Winter Gloves,0,2010-02-08 17:22:56,2010-02-26 03:17:56
746676425,Nike Golf Gloves,10,2010-02-08 17:46:38,2010-02-26 03:17:57
446823922,NewBalance T-shirts,6,2010-02-08 17:46:39,2010-02-26 03:17:57
345316564,Nike Golf Gloves,2,2010-02-08 17:46:39,2010-02-26 03:17:57
